song_id,Song_name,Artist_name,Artist_id,album_id,danceability,energy,key,loudness,mode,speechiness,acousticness,instrumentalness,liveness,valence,tempo,type,duration_ms,available_markets,Disc_Number,track_number
1bhUWB0zJMIKr9yVPrkEuI,Perfect Duet (Ed Sheeran & Beyoncé),Ed Sheeran,6eUKZXaKkcviH0Ku9w2n3V,['52kvZcbEDm0v2kWZQXjuuA'],0.587,0.299,8,-7.365,1,0.0263,0.779,0,0.123,0.356,94.992,audio_features,259550,"['AD', 'AR', 'AT', 'AU', 'BE', 'BG', 'BO', 'BR', 'CA', 'CH', 'CL', 'CO', 'CR', 'CY', 'CZ', 'DE', 'DK', 'DO', 'EC', 'EE', 'ES', 'FI', 'FR', 'GB', 'GR', 'GT', 'HK', 'HN', 'HU', 'ID', 'IE', 'IS', 'IT', 'JP', 'LI', 'LT', 'LU', 'LV', 'MC', 'MT', 'MX', 'MY', 'NI', 'NL', 'NO', 'NZ', 'PA', 'PE', 'PH', 'PL', 'PT', 'PY', 'SE', 'SG', 'SK', 'SV', 'TH', 'TR', 'TW', 'US', 'UY', 'VN']",1,1
1bhUWB0zJMIKr9yVPrkEuI,Perfect Duet (Ed Sheeran & Beyoncé),Beyoncé,6vWDO969PvNqNYHIOW5v0m,['52kvZcbEDm0v2kWZQXjuuA'],0.587,0.299,8,-7.365,1,0.0263,0.779,0,0.123,0.356,94.992,audio_features,259550,"['AD', 'AR', 'AT', 'AU', 'BE', 'BG', 'BO', 'BR', 'CA', 'CH', 'CL', 'CO', 'CR', 'CY', 'CZ', 'DE', 'DK', 'DO', 'EC', 'EE', 'ES', 'FI', 'FR', 'GB', 'GR', 'GT', 'HK', 'HN', 'HU', 'ID', 'IE', 'IS', 'IT', 'JP', 'LI', 'LT', 'LU', 'LV', 'MC', 'MT', 'MX', 'MY', 'NI', 'NL', 'NO', 'NZ', 'PA', 'PE', 'PH', 'PL', 'PT', 'PY', 'SE', 'SG', 'SK', 'SV', 'TH', 'TR', 'TW', 'US', 'UY', 'VN']",1,1
1qwWYnZmgC6TtGMvO35hWg,Breathe,Lauv,5JZ7CnR6gTvEMKX4g70Amv,['1ycA4C1V0JcgDP3PirgzT3'],0.32,0.393,4,-8.08,1,0.039,0.728,0,0.341,0.193,136.746,audio_features,237810,"['AD', 'AR', 'AT', 'AU', 'BE', 'BG', 'BO', 'BR', 'CA', 'CH', 'CL', 'CO', 'CR', 'CY', 'CZ', 'DE', 'DK', 'DO', 'EC', 'EE', 'ES', 'FI', 'FR', 'GB', 'GR', 'GT', 'HK', 'HN', 'HU', 'ID', 'IE', 'IS', 'IT', 'JP', 'LI', 'LT', 'LU', 'LV', 'MC', 'MT', 'MX', 'MY', 'NI', 'NL', 'NO', 'NZ', 'PA', 'PE', 'PH', 'PL', 'PT', 'PY', 'SE', 'SG', 'SK', 'SV', 'TH', 'TR', 'TW', 'US', 'UY', 'VN']",1,1
11Chb2CE2SIRZMdZHjIU3L,Little Drummer Boy - Lema x Savi Remix,Pentatonix,26AHtbjWKiwYzsoGoUZq53,['5rVwzVWmqQLPMic0iQcpq6'],0.566,0.888,8,-2.547,1,0.0551,0.0157,0,0.0786,0.524,143.056,audio_features,226573,"['AD', 'AR', 'AT', 'AU', 'BE', 'BG', 'BO', 'BR', 'CA', 'CH', 'CL', 'CO', 'CR', 'CY', 'CZ', 'DE', 'DK', 'DO', 'EC', 'EE', 'ES', 'FI', 'FR', 'GB', 'GR', 'GT', 'HK', 'HN', 'HU', 'ID', 'IE', 'IS', 'IT', 'JP', 'LI', 'LT', 'LU', 'LV', 'MC', 'MT', 'MX', 'MY', 'NI', 'NL', 'NO', 'NZ', 'PA', 'PE', 'PH', 'PL', 'PT', 'PY', 'SE', 'SG', 'SK', 'SV', 'TH', 'TR', 'TW', 'US', 'UY', 'VN']",1,1
11Chb2CE2SIRZMdZHjIU3L,Little Drummer Boy - Lema x Savi Remix,Lema,5lfEaMUzs0hZZ0nEC3HOqa,['5rVwzVWmqQLPMic0iQcpq6'],0.566,0.888,8,-2.547,1,0.0551,0.0157,0,0.0786,0.524,143.056,audio_features,226573,"['AD', 'AR', 'AT', 'AU', 'BE', 'BG', 'BO', 'BR', 'CA', 'CH', 'CL', 'CO', 'CR', 'CY', 'CZ', 'DE', 'DK', 'DO', 'EC', 'EE', 'ES', 'FI', 'FR', 'GB', 'GR', 'GT', 'HK', 'HN', 'HU', 'ID', 'IE', 'IS', 'IT', 'JP', 'LI', 'LT', 'LU', 'LV', 'MC', 'MT', 'MX', 'MY', 'NI', 'NL', 'NO', 'NZ', 'PA', 'PE', 'PH', 'PL', 'PT', 'PY', 'SE', 'SG', 'SK', 'SV', 'TH', 'TR', 'TW', 'US', 'UY', 'VN']",1,1
11Chb2CE2SIRZMdZHjIU3L,Little Drummer Boy - Lema x Savi Remix,Savi,1H72fTOUAUl0WQ4kH5DPVW,['5rVwzVWmqQLPMic0iQcpq6'],0.566,0.888,8,-2.547,1,0.0551,0.0157,0,0.0786,0.524,143.056,audio_features,226573,"['AD', 'AR', 'AT', 'AU', 'BE', 'BG', 'BO', 'BR', 'CA', 'CH', 'CL', 'CO', 'CR', 'CY', 'CZ', 'DE', 'DK', 'DO', 'EC', 'EE', 'ES', 'FI', 'FR', 'GB', 'GR', 'GT', 'HK', 'HN', 'HU', 'ID', 'IE', 'IS', 'IT', 'JP', 'LI', 'LT', 'LU', 'LV', 'MC', 'MT', 'MX', 'MY', 'NI', 'NL', 'NO', 'NZ', 'PA', 'PE', 'PH', 'PL', 'PT', 'PY', 'SE', 'SG', 'SK', 'SV', 'TH', 'TR', 'TW', 'US', 'UY', 'VN']",1,1
3DOHaAnbepGzj86MePrU6Z,Come On - Saturday Club / 1963,The Rolling Stones,22bE4uQ6baNwSHPVcDxLCe,['6inOkfdsIBoGyRtR3O8Gwj'],0.416,0.625,0,-10.332,1,0.0487,0.0134,1.67E-05,0.127,0.819,170.06,audio_features,122987,"['AD', 'AR', 'AT', 'AU', 'BE', 'BG', 'BO', 'BR', 'CA', 'CH', 'CL', 'CO', 'CR', 'CY', 'CZ', 'DE', 'DK', 'DO', 'EC', 'EE', 'ES', 'FI', 'FR', 'GB', 'GR', 'GT', 'HK', 'HN', 'HU', 'ID', 'IE', 'IS', 'IT', 'JP', 'LI', 'LT', 'LU', 'LV', 'MC', 'MT', 'MX', 'MY', 'NI', 'NL', 'NO', 'NZ', 'PA', 'PE', 'PH', 'PL', 'PT', 'PY', 'SE', 'SG', 'SK', 'SV', 'TH', 'TR', 'TW', 'US', 'UY', 'VN']",1,1
2lFXZ6pE7Rb85JJAaiAueA,The Greatest Gift,Sufjan Stevens,4MXUO7sVCaFgFjoTI5ox5c,['57JZsVeZqBhukvZ9YOokyv'],0.498,0.266,7,-16.635,1,0.0393,0.995,0.862,0.0996,0.697,157.92,audio_features,111717,"['AD', 'AR', 'AT', 'AU', 'BE', 'BG', 'BO', 'BR', 'CA', 'CH', 'CL', 'CO', 'CR', 'CY', 'CZ', 'DE', 'DK', 'DO', 'EC', 'EE', 'ES', 'FI', 'FR', 'GB', 'GR', 'GT', 'HK', 'HN', 'HU', 'ID', 'IE', 'IS', 'IT', 'JP', 'LI', 'LT', 'LU', 'LV', 'MC', 'MT', 'MX', 'MY', 'NI', 'NL', 'NO', 'NZ', 'PA', 'PE', 'PH', 'PL', 'PT', 'PY', 'SE', 'SG', 'SK', 'SV', 'TH', 'TR', 'TW', 'US', 'UY', 'VN']",1,6
3BKD3KUJzrmZLnB0yqh4Bv,Jet,Digitalism,2fBURuq7FrlH6z5F92mpOl,['2kG6WBPm0bfWwIvk1eNvWm'],0.657,0.55,0,-10.651,0,0.0342,0.00182,0.895,0.0416,0.153,124.998,audio_features,366601,"['AD', 'AR', 'AT', 'AU', 'BE', 'BG', 'BO', 'BR', 'CA', 'CH', 'CL', 'CO', 'CR', 'CY', 'CZ', 'DE', 'DK', 'DO', 'EC', 'EE', 'ES', 'FI', 'FR', 'GB', 'GR', 'GT', 'HK', 'HN', 'HU', 'ID', 'IE', 'IS', 'IT', 'JP', 'LI', 'LT', 'LU', 'LV', 'MC', 'MT', 'MX', 'MY', 'NI', 'NL', 'NO', 'NZ', 'PA', 'PE', 'PH', 'PL', 'PT', 'PY', 'SE', 'SG', 'SK', 'SV', 'TH', 'TR', 'TW', 'US', 'UY', 'VN']",1,2
09gtDKL49tnLXMwN68D7JO,Boxes - Acoustic,The Goo Goo Dolls,2sil8z5kiy4r76CRTXxBCA,['7z93UaPhXkm2bMjoWltATK'],0.533,0.35,4,-8.802,1,0.0255,0.238,0,0.0894,0.281,100.595,audio_features,262187,"['AD', 'AR', 'AT', 'AU', 'BE', 'BG', 'BO', 'BR', 'CA', 'CH', 'CL', 'CO', 'CR', 'CY', 'CZ', 'DE', 'DK', 'DO', 'EC', 'EE', 'ES', 'FI', 'FR', 'GB', 'GR', 'GT', 'HK', 'HN', 'HU', 'ID', 'IE', 'IS', 'IT', 'JP', 'LI', 'LT', 'LU', 'LV', 'MC', 'MT', 'MX', 'MY', 'NI', 'NL', 'NO', 'NZ', 'PA', 'PE', 'PH', 'PL', 'PT', 'PY', 'SE', 'SG', 'SK', 'SV', 'TH', 'TR', 'TW', 'US', 'UY', 'VN']",1,1
0OI7AFifLSoGzpb8bdBLLV,"Home (with Machine Gun Kelly, X Ambassadors & Bebe Rexha)",Machine Gun Kelly,6TIYQ3jFPwQSRmorSezPxX,['3U1X1wd3lX7EteWYhS2hpT'],0.653,0.718,3,-5.232,0,0.213,0.00413,0,0.0537,0.216,82.034,audio_features,202805,"['AD', 'AR', 'AT', 'AU', 'BE', 'BG', 'BO', 'BR', 'CA', 'CH', 'CL', 'CO', 'CR', 'CY', 'CZ', 'DE', 'DK', 'DO', 'EC', 'EE', 'ES', 'FI', 'FR', 'GB', 'GR', 'GT', 'HK', 'HN', 'HU', 'ID', 'IE', 'IS', 'IT', 'JP', 'LI', 'LT', 'LU', 'LV', 'MC', 'MT', 'MX', 'MY', 'NI', 'NL', 'NO', 'NZ', 'PA', 'PE', 'PH', 'PL', 'PT', 'PY', 'SE', 'SG', 'SK', 'SV', 'TH', 'TR', 'TW', 'US', 'UY', 'VN']",1,1
0OI7AFifLSoGzpb8bdBLLV,"Home (with Machine Gun Kelly, X Ambassadors & Bebe Rexha)",X Ambassadors,3NPpFNZtSTHheNBaWC82rB,['3U1X1wd3lX7EteWYhS2hpT'],0.653,0.718,3,-5.232,0,0.213,0.00413,0,0.0537,0.216,82.034,audio_features,202805,"['AD', 'AR', 'AT', 'AU', 'BE', 'BG', 'BO', 'BR', 'CA', 'CH', 'CL', 'CO', 'CR', 'CY', 'CZ', 'DE', 'DK', 'DO', 'EC', 'EE', 'ES', 'FI', 'FR', 'GB', 'GR', 'GT', 'HK', 'HN', 'HU', 'ID', 'IE', 'IS', 'IT', 'JP', 'LI', 'LT', 'LU', 'LV', 'MC', 'MT', 'MX', 'MY', 'NI', 'NL', 'NO', 'NZ', 'PA', 'PE', 'PH', 'PL', 'PT', 'PY', 'SE', 'SG', 'SK', 'SV', 'TH', 'TR', 'TW', 'US', 'UY', 'VN']",1,1
0OI7AFifLSoGzpb8bdBLLV,"Home (with Machine Gun Kelly, X Ambassadors & Bebe Rexha)",Bebe Rexha,64M6ah0SkkRsnPGtGiRAbb,['3U1X1wd3lX7EteWYhS2hpT'],0.653,0.718,3,-5.232,0,0.213,0.00413,0,0.0537,0.216,82.034,audio_features,202805,"['AD', 'AR', 'AT', 'AU', 'BE', 'BG', 'BO', 'BR', 'CA', 'CH', 'CL', 'CO', 'CR', 'CY', 'CZ', 'DE', 'DK', 'DO', 'EC', 'EE', 'ES', 'FI', 'FR', 'GB', 'GR', 'GT', 'HK', 'HN', 'HU', 'ID', 'IE', 'IS', 'IT', 'JP', 'LI', 'LT', 'LU', 'LV', 'MC', 'MT', 'MX', 'MY', 'NI', 'NL', 'NO', 'NZ', 'PA', 'PE', 'PH', 'PL', 'PT', 'PY', 'SE', 'SG', 'SK', 'SV', 'TH', 'TR', 'TW', 'US', 'UY', 'VN']",1,1
0uxSUdBrJy9Un0EYoBowng,20 Min,Lil Uzi Vert,4O15NlyKLIASxsJ0PrXPfz,['0zicd2mBV8HTzSubByj4vP'],0.773,0.75,8,-4.009,0,0.117,0.109,0,0.174,0.783,123.426,audio_features,220587,"['AD', 'AR', 'AT', 'AU', 'BE', 'BG', 'BO', 'BR', 'CA', 'CH', 'CL', 'CO', 'CR', 'CY', 'CZ', 'DE', 'DK', 'DO', 'EC', 'EE', 'ES', 'FI', 'FR', 'GB', 'GR', 'GT', 'HK', 'HN', 'HU', 'ID', 'IE', 'IS', 'IT', 'JP', 'LI', 'LT', 'LU', 'LV', 'MC', 'MT', 'MX', 'MY', 'NI', 'NL', 'NO', 'NZ', 'PA', 'PE', 'PH', 'PL', 'PT', 'PY', 'SE', 'SG', 'SK', 'SV', 'TH', 'TR', 'TW', 'US', 'UY', 'VN']",1,20
0L5gFNrzHyh4OhMwEz6DGS,Fool's Gold,One Direction,4AK6F7OLvEQ5QYCBNiQWHq,['4gCNyS7pidfK3rKWhB3JOY'],0.515,0.773,6,-4.848,1,0.0479,0.23,1.29E-06,0.0938,0.379,128.001,audio_features,210893,"['AD', 'AR', 'AT', 'AU', 'BE', 'BG', 'BO', 'BR', 'CA', 'CH', 'CL', 'CO', 'CR', 'CY', 'CZ', 'DE', 'DK', 'DO', 'EC', 'EE', 'ES', 'FI', 'FR', 'GB', 'GR', 'GT', 'HK', 'HN', 'HU', 'ID', 'IE', 'IS', 'IT', 'JP', 'LI', 'LT', 'LU', 'LV', 'MC', 'MT', 'MX', 'MY', 'NI', 'NL', 'NO', 'NZ', 'PA', 'PE', 'PH', 'PL', 'PT', 'PY', 'SE', 'SG', 'SK', 'SV', 'TH', 'TR', 'TW', 'US', 'UY', 'VN']",1,6
2sgZ8ehXlX5ldnVPC4iWqs,Swallow,Teenage Wrist,79HbBkVgOVUuVhuTJ50pIx,['0eebdURpIr0aiJh8KNVyua'],0.351,0.868,0,-5.033,0,0.0341,0.000388,0.201,0.0637,0.529,171.98,audio_features,230817,"['AD', 'AR', 'AT', 'AU', 'BE', 'BG', 'BO', 'BR', 'CA', 'CH', 'CL', 'CO', 'CR', 'CY', 'CZ', 'DE', 'DK', 'DO', 'EC', 'EE', 'ES', 'FI', 'FR', 'GB', 'GR', 'GT', 'HK', 'HN', 'HU', 'ID', 'IE', 'IS', 'IT', 'JP', 'LI', 'LT', 'LU', 'LV', 'MC', 'MT', 'MX', 'MY', 'NI', 'NL', 'NO', 'NZ', 'PA', 'PE', 'PH', 'PL', 'PT', 'PY', 'SE', 'SG', 'SK', 'SV', 'TH', 'TR', 'TW', 'US', 'UY', 'VN']",1,1
3aXnl6zyR5aseeoMpWQqeM,1997,Konata Small,46ZKkiF5p7EUjBL0JknTxQ,['3ezYuF3hBjSJEVqd18q88e'],0.564,0.519,9,-7.622,0,0.277,0.435,1.06E-06,0.0938,0.362,118.847,audio_features,281000,"['AD', 'AR', 'AT', 'AU', 'BE', 'BG', 'BO', 'BR', 'CA', 'CH', 'CL', 'CO', 'CR', 'CY', 'CZ', 'DE', 'DK', 'DO', 'EC', 'EE', 'ES', 'FI', 'FR', 'GB', 'GR', 'GT', 'HK', 'HN', 'HU', 'ID', 'IE', 'IS', 'IT', 'JP', 'LI', 'LT', 'LU', 'LV', 'MC', 'MT', 'MX', 'MY', 'NI', 'NL', 'NO', 'NZ', 'PA', 'PE', 'PH', 'PL', 'PT', 'PY', 'SE', 'SG', 'SK', 'SV', 'TH', 'TR', 'TW', 'US', 'UY', 'VN']",1,3
5shiLLxKQ4U7XLELZeXzxy,Terraform,Novo Amor,0rZp7G3gIH6WkyeXbrZnGi,['4poxm3vY9nKdqcyeWv5h0a'],0.47,0.218,11,-11.49,1,0.0307,0.979,0.406,0.282,0.193,71.963,audio_features,251920,"['AD', 'AR', 'AT', 'AU', 'BE', 'BG', 'BO', 'BR', 'CA', 'CH', 'CL', 'CO', 'CR', 'CY', 'CZ', 'DE', 'DK', 'DO', 'EC', 'EE', 'ES', 'FI', 'FR', 'GB', 'GR', 'GT', 'HK', 'HN', 'HU', 'ID', 'IE', 'IS', 'IT', 'JP', 'LI', 'LT', 'LU', 'LV', 'MC', 'MT', 'MX', 'MY', 'NI', 'NL', 'NO', 'NZ', 'PA', 'PE', 'PH', 'PL', 'PT', 'PY', 'SE', 'SG', 'SK', 'SV', 'TH', 'TR', 'TW', 'US', 'UY', 'VN']",1,10
5shiLLxKQ4U7XLELZeXzxy,Terraform,Ed Tullett,5VGsR5wapeJIuRPX26IeGn,['4poxm3vY9nKdqcyeWv5h0a'],0.47,0.218,11,-11.49,1,0.0307,0.979,0.406,0.282,0.193,71.963,audio_features,251920,"['AD', 'AR', 'AT', 'AU', 'BE', 'BG', 'BO', 'BR', 'CA', 'CH', 'CL', 'CO', 'CR', 'CY', 'CZ', 'DE', 'DK', 'DO', 'EC', 'EE', 'ES', 'FI', 'FR', 'GB', 'GR', 'GT', 'HK', 'HN', 'HU', 'ID', 'IE', 'IS', 'IT', 'JP', 'LI', 'LT', 'LU', 'LV', 'MC', 'MT', 'MX', 'MY', 'NI', 'NL', 'NO', 'NZ', 'PA', 'PE', 'PH', 'PL', 'PT', 'PY', 'SE', 'SG', 'SK', 'SV', 'TH', 'TR', 'TW', 'US', 'UY', 'VN']",1,10
1psC5iHzQxaTMZ5dWGfM6I,Juice,Yo Gotti,6Ha4aES39QiVjR0L2lwuwq,['1tSsb3t0pqVVONvBJivoT9'],0.887,0.568,2,-5.853,1,0.323,0.00171,1.11E-05,0.0812,0.754,162.038,audio_features,149242,"['AD', 'AR', 'AT', 'AU', 'BE', 'BG', 'BO', 'BR', 'CA', 'CH', 'CL', 'CO', 'CR', 'CY', 'CZ', 'DE', 'DK', 'DO', 'EC', 'EE', 'ES', 'FI', 'FR', 'GB', 'GR', 'GT', 'HK', 'HN', 'HU', 'ID', 'IE', 'IS', 'IT', 'JP', 'LI', 'LT', 'LU', 'LV', 'MC', 'MT', 'MX', 'MY', 'NI', 'NL', 'NO', 'NZ', 'PA', 'PE', 'PH', 'PL', 'PT', 'PY', 'SE', 'SG', 'SK', 'SV', 'TH', 'TR', 'TW', 'US', 'UY', 'VN']",1,5
6QgjcU0zLnzq5OrUoSZ3OK,Feel It Still,Portugal. The Man,4kI8Ie27vjvonwaB2ePh8T,['4VzzEviJGYUtAeSsJlI9QB'],0.801,0.795,1,-5.115,0,0.0504,0.0417,0.000113,0.0717,0.754,79.028,audio_features,163253,"['AD', 'AR', 'AT', 'AU', 'BE', 'BG', 'BO', 'BR', 'CA', 'CH', 'CL', 'CO', 'CR', 'CY', 'CZ', 'DE', 'DK', 'DO', 'EC', 'EE', 'ES', 'FI', 'FR', 'GB', 'GR', 'GT', 'HK', 'HN', 'HU', 'ID', 'IE', 'IS', 'IT', 'JP', 'LI', 'LT', 'LU', 'LV', 'MC', 'MT', 'MX', 'MY', 'NI', 'NL', 'NO', 'NZ', 'PA', 'PE', 'PH', 'PL', 'PT', 'PY', 'SE', 'SG', 'SK', 'SV', 'TH', 'TR', 'TW', 'US', 'UY', 'VN']",1,4
41Fflg7qHiVOD6dEPvsCzO,Worth It,Fifth Harmony,1l8Fu6IkuTP0U5QetQJ5Xt,['0zAsh6hObeNmFgFPrUiFcP'],0.884,0.765,8,-3.865,1,0.0882,0.063,7.04E-06,0.118,0.594,99.987,audio_features,224573,"['AD', 'AR', 'AT', 'AU', 'BE', 'BG', 'BO', 'BR', 'CA', 'CH', 'CL', 'CO', 'CR', 'CY', 'CZ', 'DE', 'DK', 'DO', 'EC', 'EE', 'ES', 'FI', 'FR', 'GB', 'GR', 'GT', 'HK', 'HN', 'HU', 'ID', 'IE', 'IS', 'IT', 'JP', 'LI', 'LT', 'LU', 'LV', 'MC', 'MT', 'MX', 'MY', 'NI', 'NL', 'NO', 'NZ', 'PA', 'PE', 'PH', 'PL', 'PT', 'PY', 'SE', 'SG', 'SK', 'SV', 'TH', 'TR', 'TW', 'US', 'UY', 'VN']",1,4
41Fflg7qHiVOD6dEPvsCzO,Worth It,Kid Ink,6KZDXtSj0SzGOV705nNeh3,['0zAsh6hObeNmFgFPrUiFcP'],0.884,0.765,8,-3.865,1,0.0882,0.063,7.04E-06,0.118,0.594,99.987,audio_features,224573,"['AD', 'AR', 'AT', 'AU', 'BE', 'BG', 'BO', 'BR', 'CA', 'CH', 'CL', 'CO', 'CR', 'CY', 'CZ', 'DE', 'DK', 'DO', 'EC', 'EE', 'ES', 'FI', 'FR', 'GB', 'GR', 'GT', 'HK', 'HN', 'HU', 'ID', 'IE', 'IS', 'IT', 'JP', 'LI', 'LT', 'LU', 'LV', 'MC', 'MT', 'MX', 'MY', 'NI', 'NL', 'NO', 'NZ', 'PA', 'PE', 'PH', 'PL', 'PT', 'PY', 'SE', 'SG', 'SK', 'SV', 'TH', 'TR', 'TW', 'US', 'UY', 'VN']",1,4
6BmfYAMhPcgnJQhvzJf5AQ,Bad Reputation - MTV Unplugged,Shawn Mendes,7n2wHs1TKAczGzO7Dd2rGr,['0AvTcYvLE30zb3qIwxzf3o'],0.262,0.618,11,-7.169,0,0.0437,0.24,3.95E-05,0.953,0.198,149.8,audio_features,311133,"['AD', 'AR', 'AT', 'AU', 'BE', 'BG', 'BO', 'BR', 'CA', 'CH', 'CL', 'CO', 'CR', 'CY', 'CZ', 'DE', 'DK', 'DO', 'EC', 'EE', 'ES', 'FI', 'FR', 'GB', 'GR', 'GT', 'HK', 'HN', 'HU', 'ID', 'IE', 'IS', 'IT', 'JP', 'LI', 'LT', 'LU', 'LV', 'MC', 'MT', 'MX', 'MY', 'NI', 'NL', 'NO', 'NZ', 'PA', 'PE', 'PH', 'PL', 'PT', 'PY', 'SE', 'SG', 'SK', 'SV', 'TH', 'TR', 'TW', 'US', 'UY', 'VN']",1,6
1J0Zt2Sa9J9BRarqXnP5Uz,Legends,Kelsea Ballerini,3RqBeV12Tt7A8xH3zBDDUF,['4m7BydC6hXAQSnMn6ArAZx'],0.575,0.728,4,-5.846,1,0.032,0.0558,0,0.0909,0.242,112.029,audio_features,243427,"['AD', 'AR', 'AT', 'AU', 'BE', 'BG', 'BO', 'BR', 'CA', 'CH', 'CL', 'CO', 'CR', 'CY', 'CZ', 'DE', 'DK', 'DO', 'EC', 'EE', 'ES', 'FI', 'FR', 'GB', 'GR', 'GT', 'HK', 'HN', 'HU', 'ID', 'IE', 'IS', 'IT', 'JP', 'LI', 'LT', 'LU', 'LV', 'MC', 'MT', 'MX', 'MY', 'NI', 'NL', 'NO', 'NZ', 'PA', 'PE', 'PH', 'PL', 'PT', 'PY', 'SE', 'SG', 'SK', 'SV', 'TH', 'TR', 'TW', 'US', 'UY', 'VN']",1,12
2jQ2Z4SG59JOMNRVB99qx0,All The Shimmering Things,Keeno,6r54QO0889i9vqaeuruUSn,['6v78jeS0Tp6idSstmTWkvT'],0.439,0.855,9,-6.206,1,0.0742,0.00198,0.747,0.382,0.0332,175.018,audio_features,307300,"['AD', 'AR', 'AT', 'AU', 'BE', 'BG', 'BO', 'BR', 'CA', 'CH', 'CL', 'CO', 'CR', 'CY', 'CZ', 'DE', 'DK', 'DO', 'EC', 'EE', 'ES', 'FI', 'FR', 'GB', 'GR', 'GT', 'HK', 'HN', 'HU', 'ID', 'IE', 'IS', 'IT', 'JP', 'LI', 'LT', 'LU', 'LV', 'MC', 'MT', 'MX', 'MY', 'NI', 'NL', 'NO', 'NZ', 'PA', 'PE', 'PH', 'PL', 'PT', 'PY', 'SE', 'SG', 'SK', 'SV', 'TH', 'TR', 'TW', 'US', 'UY', 'VN']",1,1
3yLaeajp3jUl6Xs8MCjxl5,Waking Lions,Pop Evil,1pRaG81GsVtaTBuVSpldt2,['7hda12JcWVJYKnEPFCoRMg'],0.504,0.973,6,-2.887,1,0.185,1.82E-05,0.0427,0.183,0.685,143.067,audio_features,234837,"['AD', 'AR', 'AT', 'AU', 'BE', 'BG', 'BO', 'BR', 'CA', 'CH', 'CL', 'CO', 'CR', 'CY', 'CZ', 'DE', 'DK', 'DO', 'EC', 'EE', 'ES', 'FI', 'FR', 'GB', 'GR', 'GT', 'HK', 'HN', 'HU', 'ID', 'IE', 'IS', 'IT', 'JP', 'LI', 'LT', 'LU', 'LV', 'MC', 'MT', 'MX', 'MY', 'NI', 'NL', 'NO', 'NZ', 'PA', 'PE', 'PH', 'PL', 'PT', 'PY', 'SE', 'SG', 'SK', 'SV', 'TH', 'TR', 'TW', 'US', 'UY', 'VN']",1,1
0irlS9wlldxxki4pNrKGLc,Dentro de Ti,"Franco ""El Gorilla""",2biH2I1TvZlIIIc5W14oIJ,['5cvZ38WEvI8lZiXRmMIQxi'],0.697,0.736,5,-7.53,0,0.0502,0.0557,4.97E-05,0.308,0.434,139.97,audio_features,238341,"['AD', 'AR', 'AT', 'AU', 'BE', 'BG', 'BO', 'BR', 'CA', 'CH', 'CL', 'CO', 'CR', 'CY', 'CZ', 'DE', 'DK', 'DO', 'EC', 'EE', 'ES', 'FI', 'FR', 'GB', 'GR', 'GT', 'HK', 'HN', 'HU', 'ID', 'IE', 'IS', 'IT', 'JP', 'LI', 'LT', 'LU', 'LV', 'MC', 'MT', 'MX', 'MY', 'NI', 'NL', 'NO', 'NZ', 'PA', 'PE', 'PH', 'PL', 'PT', 'PY', 'SE', 'SG', 'SK', 'SV', 'TH', 'TR', 'TW', 'US', 'UY', 'VN']",1,1
0irlS9wlldxxki4pNrKGLc,Dentro de Ti,Bryant Myers,6w9ToX5slZ4uIdmD17hJ3c,['5cvZ38WEvI8lZiXRmMIQxi'],0.697,0.736,5,-7.53,0,0.0502,0.0557,4.97E-05,0.308,0.434,139.97,audio_features,238341,"['AD', 'AR', 'AT', 'AU', 'BE', 'BG', 'BO', 'BR', 'CA', 'CH', 'CL', 'CO', 'CR', 'CY', 'CZ', 'DE', 'DK', 'DO', 'EC', 'EE', 'ES', 'FI', 'FR', 'GB', 'GR', 'GT', 'HK', 'HN', 'HU', 'ID', 'IE', 'IS', 'IT', 'JP', 'LI', 'LT', 'LU', 'LV', 'MC', 'MT', 'MX', 'MY', 'NI', 'NL', 'NO', 'NZ', 'PA', 'PE', 'PH', 'PL', 'PT', 'PY', 'SE', 'SG', 'SK', 'SV', 'TH', 'TR', 'TW', 'US', 'UY', 'VN']",1,1
0irlS9wlldxxki4pNrKGLc,Dentro de Ti,Anonimus,62lbdm09j0QUbWB7SqCJvt,['5cvZ38WEvI8lZiXRmMIQxi'],0.697,0.736,5,-7.53,0,0.0502,0.0557,4.97E-05,0.308,0.434,139.97,audio_features,238341,"['AD', 'AR', 'AT', 'AU', 'BE', 'BG', 'BO', 'BR', 'CA', 'CH', 'CL', 'CO', 'CR', 'CY', 'CZ', 'DE', 'DK', 'DO', 'EC', 'EE', 'ES', 'FI', 'FR', 'GB', 'GR', 'GT', 'HK', 'HN', 'HU', 'ID', 'IE', 'IS', 'IT', 'JP', 'LI', 'LT', 'LU', 'LV', 'MC', 'MT', 'MX', 'MY', 'NI', 'NL', 'NO', 'NZ', 'PA', 'PE', 'PH', 'PL', 'PT', 'PY', 'SE', 'SG', 'SK', 'SV', 'TH', 'TR', 'TW', 'US', 'UY', 'VN']",1,1
0irlS9wlldxxki4pNrKGLc,Dentro de Ti,Eloy,0eet2VBconGGtNYJ0CBgHu,['5cvZ38WEvI8lZiXRmMIQxi'],0.697,0.736,5,-7.53,0,0.0502,0.0557,4.97E-05,0.308,0.434,139.97,audio_features,238341,"['AD', 'AR', 'AT', 'AU', 'BE', 'BG', 'BO', 'BR', 'CA', 'CH', 'CL', 'CO', 'CR', 'CY', 'CZ', 'DE', 'DK', 'DO', 'EC', 'EE', 'ES', 'FI', 'FR', 'GB', 'GR', 'GT', 'HK', 'HN', 'HU', 'ID', 'IE', 'IS', 'IT', 'JP', 'LI', 'LT', 'LU', 'LV', 'MC', 'MT', 'MX', 'MY', 'NI', 'NL', 'NO', 'NZ', 'PA', 'PE', 'PH', 'PL', 'PT', 'PY', 'SE', 'SG', 'SK', 'SV', 'TH', 'TR', 'TW', 'US', 'UY', 'VN']",1,1
5SAUIWdZ04OxYfJFDchC7S,Smoke On The Water,Deep Purple,568ZhdwyaiCyOGJRtNYhWf,['1EK3a0Yctg4d3nGQzE4Uty'],0.632,0.586,0,-11.333,1,0.0284,0.0983,0.581,0.0535,0.89,114.243,audio_features,342173,"['AD', 'AR', 'AT', 'AU', 'BE', 'BG', 'BO', 'BR', 'CA', 'CH', 'CL', 'CO', 'CR', 'CY', 'CZ', 'DE', 'DK', 'DO', 'EC', 'EE', 'ES', 'FI', 'FR', 'GB', 'GR', 'GT', 'HK', 'HN', 'HU', 'ID', 'IE', 'IS', 'IT', 'JP', 'LI', 'LT', 'LU', 'LV', 'MC', 'MT', 'MX', 'MY', 'NI', 'NL', 'NO', 'NZ', 'PA', 'PE', 'PH', 'PL', 'PT', 'PY', 'SE', 'SG', 'SK', 'SV', 'TH', 'TR', 'TW', 'US', 'UY', 'VN']",1,5
0SNGe4xksgp7CGnY5kMXOJ,Every Breath You Take,The Police,5NGO30tJxFlKixkPSgXcFE,['0CTCk1eshEadFqZ4NBfe9N'],0.822,0.478,1,-8.746,1,0.0343,0.559,0.0073,0.0813,0.722,117.394,audio_features,251573,"['AD', 'AR', 'AT', 'AU', 'BE', 'BG', 'BO', 'BR', 'CA', 'CH', 'CL', 'CO', 'CR', 'CY', 'CZ', 'DE', 'DK', 'DO', 'EC', 'EE', 'ES', 'FI', 'FR', 'GB', 'GR', 'GT', 'HK', 'HN', 'HU', 'ID', 'IE', 'IS', 'IT', 'JP', 'LI', 'LT', 'LU', 'LV', 'MC', 'MT', 'MX', 'MY', 'NI', 'NL', 'NO', 'NZ', 'PA', 'PE', 'PH', 'PL', 'PT', 'PY', 'SE', 'SG', 'SK', 'SV', 'TH', 'TR', 'TW', 'US', 'UY', 'VN']",1,2
1uHACkBD8IHBmrkTrk6You,up in this (with Tinashe),blackbear,2cFrymmkijnjDg9SS92EPM,['1nXBX3wP3DQgwpqvVtJl8H'],0.729,0.701,5,-6.102,0,0.0746,0.0487,0,0.129,0.525,127.969,audio_features,204279,"['AD', 'AR', 'AT', 'AU', 'BE', 'BG', 'BO', 'BR', 'CA', 'CH', 'CL', 'CO', 'CR', 'CY', 'CZ', 'DE', 'DK', 'DO', 'EC', 'EE', 'ES', 'FI', 'FR', 'GB', 'GR', 'GT', 'HK', 'HN', 'HU', 'ID', 'IE', 'IS', 'IT', 'JP', 'LI', 'LT', 'LU', 'LV', 'MC', 'MT', 'MX', 'MY', 'NI', 'NL', 'NO', 'NZ', 'PA', 'PE', 'PH', 'PL', 'PT', 'PY', 'SE', 'SG', 'SK', 'SV', 'TH', 'TR', 'TW', 'US', 'UY', 'VN']",1,5
1uHACkBD8IHBmrkTrk6You,up in this (with Tinashe),Tinashe,0NIIxcxNHmOoyBx03SfTCD,['1nXBX3wP3DQgwpqvVtJl8H'],0.729,0.701,5,-6.102,0,0.0746,0.0487,0,0.129,0.525,127.969,audio_features,204279,"['AD', 'AR', 'AT', 'AU', 'BE', 'BG', 'BO', 'BR', 'CA', 'CH', 'CL', 'CO', 'CR', 'CY', 'CZ', 'DE', 'DK', 'DO', 'EC', 'EE', 'ES', 'FI', 'FR', 'GB', 'GR', 'GT', 'HK', 'HN', 'HU', 'ID', 'IE', 'IS', 'IT', 'JP', 'LI', 'LT', 'LU', 'LV', 'MC', 'MT', 'MX', 'MY', 'NI', 'NL', 'NO', 'NZ', 'PA', 'PE', 'PH', 'PL', 'PT', 'PY', 'SE', 'SG', 'SK', 'SV', 'TH', 'TR', 'TW', 'US', 'UY', 'VN']",1,5
3HE50TVRquwXe9yv2HFoNL,Never Too Late,Three Days Grace,2xiIXseIJcq3nG7C8fHeBj,['4ZDwEvXIKxWdwhAQK8ndBU'],0.433,0.778,2,-4.68,0,0.0371,0.00838,0,0.163,0.217,149.864,audio_features,209333,"['AD', 'AR', 'AT', 'AU', 'BE', 'BG', 'BO', 'BR', 'CA', 'CH', 'CL', 'CO', 'CR', 'CY', 'CZ', 'DE', 'DK', 'DO', 'EC', 'EE', 'ES', 'FI', 'FR', 'GB', 'GR', 'GT', 'HK', 'HN', 'HU', 'ID', 'IE', 'IS', 'IT', 'JP', 'LI', 'LT', 'LU', 'LV', 'MC', 'MT', 'MX', 'MY', 'NI', 'NL', 'NO', 'NZ', 'PA', 'PE', 'PH', 'PL', 'PT', 'PY', 'SE', 'SG', 'SK', 'SV', 'TH', 'TR', 'TW', 'US', 'UY', 'VN']",1,4
